Time Stamp,pos X,pos Y,speed X,speed Y
1,1.7609421998443504,0.9481996460700349,1.7609421998443504,0.9481996460700349
2,5.282826599533051,2.8445989382101047,3.521884399688701,1.8963992921400696
3,10.565653199066102,5.689197876420209,5.282826599533051,2.8445989382101047
4,16.5656531990661,9.481996460700348,6,3.7927985842801393
5,22.5656531990661,14.221782771115052,6,4.739786310414705
6,28.5656531990661,19.905253353336334,6,5.683470582221281
7,34.565653199066105,25.905253353336334,6,6
8,40.565653199066105,31.905253353336334,6,6
9,46.565653199066105,37.905253353336334,6,6
10,52.565653199066105,43.905253353336334,6,6
11,58.565653199066105,49.905253353336334,6,6
12,64.5656531990661,55.905253353336334,6,6
13,70.5656531990661,61.905253353336334,6,6
14,76.5656531990661,67.90525335333633,6,6
15,82.5656531990661,73.90525335333633,6,6
16,88.5656531990661,79.90525335333633,6,6
17,94.5656531990661,85.90525335333633,6,6
18,100.5656531990661,91.90525335333633,6,6
19,106.5656531990661,97.90525335333633,6,6
20,112.5656531990661,103.90525335333633,6,6
21,118.5656531990661,109.90525335333633,6,6
22,124.5656531990661,115.90525335333633,6,6
23,130.5656531990661,121.90525335333633,6,6
24,136.5656531990661,127.90525335333633,6,6
25,142.5656531990661,133.90525335333632,6,6
26,148.5656531990661,139.90525335333632,6,6
27,154.5656531990661,145.90525335333632,6,6
28,160.5656531990661,151.90525335333632,6,6
29,166.5656531990661,157.90525335333632,6,6
30,172.5656531990661,163.90525335333632,6,6
31,178.5656531990661,169.90525335333632,6,6
32,184.5656531990661,175.90525335333632,6,6
33,190.5656531990661,181.90525335333632,6,6
34,196.5656531990661,187.90525335333632,6,6
35,202.5656531990661,193.90525335333632,6,6
36,208.5656531990661,199.90525335333632,6,6
37,214.5656531990661,205.90525335333632,6,6
38,220.5656531990661,211.90525335333632,6,6
39,226.5656531990661,217.90525335333632,6,6
40,232.5656531990661,223.90525335333632,6,6
41,238.5656531990661,229.90525335333632,6,6
42,244.5656531990661,235.90525335333632,6,6
43,250.5656531990661,241.90525335333632,6,6
44,256.5656531990661,247.90525335333632,6,6
45,262.5656531990661,253.90525335333632,6,6
46,268.5656531990661,259.9052533533363,6,6
47,274.5656531990661,265.9052533533363,6,6
48,280.5656531990661,271.9052533533363,6,6
49,286.5656531990661,277.9052533533363,6,6
50,292.5656531990661,283.9052533533363,6,6
51,298.5656531990661,289.9052533533363,6,6
52,304.5656531990661,295.9052533533363,6,6
53,310.5656531990661,301.9052533533363,6,6
54,316.5656531990661,307.9052533533363,6,6
55,322.5656531990661,313.9052533533363,6,6
56,328.5656531990661,319.9052533533363,6,6
57,334.5656531990661,325.9052533533363,6,6
58,340.5656531990661,331.9052533533363,6,6
59,346.5656531990661,337.9052533533363,6,6
60,352.5656531990661,343.9052533533363,6,6
61,358.5656531990661,349.9052533533363,6,6
62,364.5656531990661,355.9052533533363,6,6
63,370.5656531990661,361.9052533533363,6,6
64,376.5656531990661,367.9052533533363,6,6
65,382.5656531990661,373.9052533533363,6,6
66,388.5656531990661,379.9052533533363,6,6
67,394.5656531990661,385.9052533533363,6,6
68,400.5656531990661,391.9052533533363,6,6
69,406.5656531990661,397.9052533533363,6,6
70,412.5656531990661,403.9052533533363,6,6
71,418.5656531990661,409.9052533533363,6,6
72,424.5656531990661,415.9052533533363,6,6
73,430.5656531990661,421.9052533533363,6,6
74,436.5656531990661,427.9052533533363,6,6
75,442.5656531990661,433.9052533533363,6,6
76,448.5656531990661,439.9052533533363,6,6
77,454.5656531990661,445.9052533533363,6,6
78,460.5656531990661,451.9052533533363,6,6
79,466.5656531990661,457.9052533533363,6,6
80,472.5656531990661,463.9052533533363,6,6
81,478.5656531990661,469.9052533533363,6,6
82,484.5656531990661,475.9052533533363,6,6
83,490.5656531990661,481.9052533533363,6,6
84,496.5656531990661,487.9052533533363,6,6
85,502.5656531990661,493.8816219264819,6,5.9763685731455505
86,508.5656531990661,499.78964858751795,6,5.9080266610360725
87,514.5656531990661,505.58294437960257,6,5.793295792084646
88,520.5656531990661,511.2137061753544,6,5.630761795751835
89,526.5656531990661,516.633880138038,6,5.420173962683586
90,532.5656531990661,521.8035459267103,6,5.1696657886722885
91,538.5656531990661,526.6823156117208,6,4.878769685010572
92,544.5656531990661,531.229719172338,6,4.547403560617175
93,550.5656531990661,535.4056221503497,6,4.175902978011677
94,556.5656531990661,539.1706565394635,6,3.765034389113845
95,562.5656531990661,542.4866396394482,6,3.3159830999847197
96,568.5656531990661,545.3169488724521,6,2.830309233003925
97,574.5656531990661,547.6268133100765,6,2.3098644376243844
98,580.5656531990661,549.3834744847122,6,1.756661174635753
99,586.5656531990661,550.5561592141538,6,1.1726847294416043
100,592.5656531990661,551.1157945210178,6,0.5596353068640428
101,598.5656531990661,551.0343776578618,6,-0.08141686315608088
102,604.5656531990661,550.2838904458838,6,-0.7504872119780436
103,610.5656531990661,548.8346132886373,6,-1.4492771572464411
104,616.5656531990661,546.6526459309761,6,-2.181967357661225
105,622.5656531990661,543.6963754582574,6,-2.9562704727186153
106,628.5656531990661,539.9115525229033,6,-3.7848229353541214
107,634.5656531990661,535.2245909719895,6,-4.6869615509137725
108,640.5656531990661,529.5338854227471,6,-5.690705549242433
109,646.5656531990661,523.5338854227471,6,-6
110,652.5656531990661,517.5338854227471,6,-6
111,658.5656531990661,511.53388542274706,6,-6
112,664.5656531990661,505.53388542274706,6,-6
113,670.5656531990661,499.53388542274706,6,-6
114,676.5656531990661,493.53388542274706,6,-6
115,682.5656531990661,487.53388542274706,6,-6
116,688.5656531990661,481.53388542274706,6,-6
117,694.5656531990661,475.53388542274706,6,-6
118,700.5656531990661,469.53388542274706,6,-6
119,706.5656531990661,463.53388542274706,6,-6
120,712.5656531990661,457.53388542274706,6,-6
121,718.5656531990661,451.53388542274706,6,-6
122,724.5656531990661,445.53388542274706,6,-6
123,730.5656531990661,439.53388542274706,6,-6
124,736.5656531990661,433.53388542274706,6,-6
125,742.5656531990661,427.53388542274706,6,-6
126,748.5656531990661,421.53388542274706,6,-6
127,754.5656531990661,415.53388542274706,6,-6
128,760.5656531990661,409.53388542274706,6,-6
129,766.5656531990661,403.53388542274706,6,-6
130,772.5656531990661,397.53388542274706,6,-6
131,778.5656531990661,391.53388542274706,6,-6
132,784.5656531990661,385.53388542274706,6,-6
133,790.5656531990661,379.53388542274706,6,-6
134,796.5656531990661,373.53388542274706,6,-6
135,802.5656531990661,367.53388542274706,6,-6
136,808.5656531990661,361.53388542274706,6,-6
137,814.5656531990661,355.53388542274706,6,-6
138,820.5656531990661,349.53388542274706,6,-6
139,826.5656531990661,343.53388542274706,6,-6
140,832.5656531990661,337.53388542274706,6,-6
141,838.5656531990661,331.53388542274706,6,-6
142,844.5656531990661,325.53388542274706,6,-6
143,850.5656531990661,319.53388542274706,6,-6
144,856.5656531990661,313.53388542274706,6,-6
145,862.5656531990661,307.53388542274706,6,-6
146,868.5656531990661,301.53388542274706,6,-6
147,874.5656531990661,295.53388542274706,6,-6
148,880.5191567904025,289.53388542274706,5.95350359133638,-6
149,886.3376633457019,283.53388542274706,5.818506555299427,-6
150,891.9246343999174,277.53388542274706,5.586971054215494,-6
151,897.1763406462039,271.53388542274706,5.2517062462865685,-6
152,901.9837968598424,265.53388542274706,4.8074562136385115,-6
153,906.2357057389565,259.53388542274706,4.251908879114087,-6
154,909.8220011473479,253.53388542274706,3.5862954083913663,-6
155,912.6372758269446,247.53388542274706,2.815274679596637,-6
156,914.5832664023619,241.53388542274706,1.945990575417357,-6
157,915.5697494755777,235.53388542274706,0.9864830732158549,-6
158,915.5136370533813,229.53388542274706,-0.05611242219641799,-6
159,914.3366137593156,223.53388542274706,-1.1770232940657326,-6
160,911.9621938613805,217.53388542274706,-2.374419897935142,-6
161,908.31345328743,211.53388542274706,-3.6487405739504966,-6
162,903.3126911785046,205.53388542274706,-5.00076210892544,-6
163,897.3126911785046,199.53388542274706,-6,-6
164,891.3126911785046,193.53388542274706,-6,-6
165,885.3126911785046,187.53388542274706,-6,-6
166,879.3126911785046,181.53388542274706,-6,-6
167,873.3126911785046,175.53388542274706,-6,-6
168,867.3126911785046,169.53388542274706,-6,-6
169,861.3126911785046,163.53388542274706,-6,-6
170,855.3126911785046,157.53388542274706,-6,-6
171,849.3126911785046,151.53388542274706,-6,-6
172,843.3126911785046,145.53388542274706,-6,-6
173,837.3126911785046,139.53388542274706,-6,-6
174,831.3126911785046,133.53388542274706,-6,-6
175,825.3126911785046,127.53388542274706,-6,-6
176,819.3126911785046,121.53388542274706,-6,-6
177,813.3126911785046,115.53388542274706,-6,-6
178,807.3126911785046,109.53388542274706,-6,-6
179,801.3126911785046,103.53388542274706,-6,-6
180,795.3126911785046,97.53388542274706,-6,-6
181,789.3126911785046,91.53388542274706,-6,-6
182,783.3126911785046,85.53388542274706,-6,-6
183,777.3126911785046,79.53388542274706,-6,-6
184,771.3126911785046,73.53388542274706,-6,-6
185,765.3126911785046,67.53388542274706,-6,-6
186,759.3126911785046,61.54282956048436,-6,-5.991055862262707
187,753.3126911785046,55.61916662701667,-6,-5.923662933467688
188,747.3126911785046,49.823130689092956,-6,-5.796035937923711
189,741.3126911785046,44.21591643147709,-6,-5.607214257615865
190,735.3126911785046,38.85869700438678,-6,-5.357219427090315
191,729.3126911785046,33.81152265812419,-6,-5.047174346262584
192,723.3126911785046,29.132157376594574,-6,-4.679365281529615
193,717.3126911785046,24.874924586436286,-6,-4.257232790158289
194,711.3126911785046,21.089639633665513,-6,-3.7852849527707733
195,705.3126911785046,17.82070590016519,-6,-3.2689337335003232
196,699.3126911785046,15.106445093523988,-6,-2.7142608066412026
197,693.3126911785046,12.978723554134566,-6,-2.127721539389421
198,687.3126911785046,11.462928333595071,-6,-1.5157952205394944
199,681.3126911785046,10.578340589756467,-6,-0.8845877438386041
200,675.3126911785046,10.338948336607727,-6,-0.23939225314873946
201,669.3126911785046,10.75473239010295,-6,0.41578405349522274
202,663.3126911785046,11.833444148011354,-6,1.0787117579084047
203,657.3126911785046,13.582868209557382,-6,1.7494240615460277
204,651.3126911785046,16.01352544916821,-6,2.4306572396108272
205,645.3126911785046,19.141722751964654,-6,3.1281973027964427
206,639.3126911785046,22.992790743432874,-6,3.8510679914682187
207,633.3126911785046,27.604258177629806,-6,4.611467434196933
208,627.3126911785046,33.02857165230177,-6,5.424313474671963
209,621.3126911785046,39.02857165230177,-6,6
210,615.3126911785046,45.02857165230177,-6,6
211,609.3126911785046,51.02857165230177,-6,6
212,603.3126911785046,57.02857165230177,-6,6
213,597.3126911785046,63.02857165230177,-6,6
214,591.3126911785046,69.02857165230176,-6,6
215,585.3126911785046,75.02857165230176,-6,6
216,579.3126911785046,81.02857165230176,-6,6
217,573.3126911785046,87.02857165230176,-6,6
218,567.3126911785046,93.02857165230176,-6,6
219,561.3126911785046,99.02857165230176,-6,6
220,555.3126911785046,105.02857165230176,-6,6
221,549.3126911785046,111.02857165230176,-6,6
222,543.3126911785046,117.02857165230176,-6,6
223,537.3126911785046,123.02857165230176,-6,6
224,531.3126911785046,129.02857165230176,-6,6
225,525.3126911785046,135.02857165230176,-6,6
226,519.3126911785046,141.02857165230176,-6,6
227,513.3126911785046,147.02857165230176,-6,6
228,507.31269117850456,153.02857165230176,-6,6
229,501.31269117850456,159.02857165230176,-6,6
230,495.31269117850456,165.02857165230176,-6,6
231,489.31269117850456,171.02857165230176,-6,6
232,483.31269117850456,177.02857165230176,-6,6
233,477.31269117850456,183.02857165230176,-6,6
234,471.31269117850456,189.02857165230176,-6,6
235,465.31269117850456,195.02857165230176,-6,6
236,459.31269117850456,201.02857165230176,-6,6
237,453.31269117850456,207.02857165230176,-6,6
238,447.31269117850456,213.02857165230176,-6,6
239,441.31269117850456,219.02857165230176,-6,6
240,435.31269117850456,225.02857165230176,-6,6
241,429.31269117850456,231.02857165230176,-6,6
242,423.31269117850456,237.02857165230176,-6,6
243,417.31269117850456,243.02857165230176,-6,6
244,411.31269117850456,249.02857165230176,-6,6
245,405.31269117850456,255.02857165230176,-6,6
246,399.31269117850456,261.02857165230176,-6,6
247,393.31269117850456,267.02857165230176,-6,6
248,387.31269117850456,273.02857165230176,-6,6
249,381.31269117850456,279.02857165230176,-6,6
250,375.35602046698386,285.02857165230176,-5.956670711520706,6
251,369.5177407600609,291.02857165230176,-5.838279706922965,6
252,363.87477727241776,297.02857165230176,-5.642963487643146,6
253,358.5042897328654,303.02857165230176,-5.370487539552382,6
254,353.48179723670404,309.02857165230176,-5.022492496161375,6
255,348.8791766008253,315.02857165230176,-4.602620635878765,6
256,344.7626859388954,321.02857165230176,-4.116490661929873,6
257,341.1911740496368,327.02857165230176,-3.5715118892586233,6
258,338.2146231780309,333.02857165230176,-2.97655087160593,6
259,335.8731479958587,339.02857165230176,-2.3414751821721858,6
260,334.19655158702346,345.02857165230176,-1.6765964088352252,6
261,333.20453109865423,351.02857165230176,-0.9920204883692318,6
262,332.90763415754355,357.02857165230176,-0.2968969411106962,6
263,333.30908472812206,363.02857165230176,0.4014505705784873,6
264,334.40760994622445,369.02857165230176,1.0985252181023948,6
265,336.20139483165434,375.02857165230176,1.7937848854298741,6
266,338.693264386402,381.02857165230176,2.4918695547476624,6
267,341.89713661594766,387.02857165230176,3.203872229545653,6
268,345.84565119271696,393.02857165230176,3.9485145767692718,6
269,350.5984355013623,399.02857165230176,4.752784308645322,6
270,356.24919347222084,405.02857165230176,5.650757970858508,6
271,362.24919347222084,411.02857165230176,6,6
272,368.24919347222084,417.02857165230176,6,6
273,374.24919347222084,423.02857165230176,6,6
274,380.24919347222084,429.02857165230176,6,6
275,386.24919347222084,435.02857165230176,6,6
276,392.24919347222084,441.02857165230176,6,6
277,398.24919347222084,447.02857165230176,6,6
278,404.24919347222084,453.02857165230176,6,6
279,410.24919347222084,459.02857165230176,6,6
280,416.24919347222084,465.02857165230176,6,6
281,422.24919347222084,471.02857165230176,6,6
282,428.24919347222084,477.02857165230176,6,6
283,434.24919347222084,483.02857165230176,6,6
284,440.24919347222084,489.02857165230176,6,6
285,446.24919347222084,495.02857165230176,6,6
286,452.24919347222084,501.02857165230176,6,6
287,458.24919347222084,507.02857165230176,6,6
288,464.24919347222084,513.0285716523017,6,6
289,470.24919347222084,519.0285716523017,6,6
290,476.24919347222084,525.0285716523017,6,6
291,482.24919347222084,531.0285716523017,6,6
292,488.24919347222084,537.0285716523017,6,6
293,494.24919347222084,543.0285716523017,6,6
294,500.24919347222084,549.0285716523017,6,6
295,506.24919347222084,555.0285716523017,6,6
296,512.2491934722209,561.0285716523017,6,6
297,518.2491934722209,567.0285716523017,6,6
298,524.2491934722209,573.0285716523017,6,6
299,530.2491934722209,579.0285716523017,6,6
300,536.2491934722209,585.0285716523017,6,6
301,542.2491934722209,591.0285716523017,6,6
302,548.2491934722209,597.0285716523017,6,6
303,554.2491934722209,602.9941879288566,6,5.965616276554925
304,560.2491934722209,608.8645048140223,6,5.8703168851657
305,566.2491934722209,614.576772339935,6,5.712267525912746
306,572.2491934722209,620.0673268745368,6,5.490554534601743
307,578.2491934722209,625.2726881714974,6,5.205361296960582
308,584.2491934722209,630.1307837951557,6,4.858095623658273
309,590.2491934722209,634.5822298655225,6,4.4514460703667975
310,596.2491934722209,638.5715821466383,6,3.9893522811157927
311,602.2491934722209,642.0484662945031,6,3.4768841478647374
312,608.2491934722209,644.9685004725072,6,2.9200341780041024
313,614.2491934722209,647.2939348124166,6,2.32543433990942
314,620.2491934722209,648.993946447373,6,1.7000116349563505
315,626.2491934722209,650.0445430558163,6,1.0505966084434135
316,632.2491934722209,650.4280415734231,6,0.3834985176068021
317,638.2491934722209,650.1321044284444,6,-0.2959371449787077
318,644.2491934722209,649.1483374174661,6,-0.9837670109783302
319,650.2491934722209,647.4704840584145,6,-1.677853359051638
320,656.2491934722209,645.0922892990609,6,-2.3781947593536046
321,662.2491934722209,642.0051422771681,6,-3.087147021892753
322,668.2491934722209,638.1956280412901,6,-3.809514235878037
323,674.2491934722209,633.6431026621055,6,-4.552525379184529
324,680.2491934722209,628.3173385083518,6,-5.3257641537537275
325,686.2491934722209,622.3173385083518,6,-6
326,692.2491934722209,616.3173385083518,6,-6
327,698.2491934722209,610.3173385083518,6,-6
328,704.2491934722209,604.3173385083518,6,-6
329,710.2491934722209,598.3173385083518,6,-6
330,716.2491934722209,592.3173385083518,6,-6
331,722.2491934722209,586.3173385083518,6,-6
332,728.2491934722209,580.3173385083518,6,-6
333,734.2491934722209,574.3173385083518,6,-6
334,740.2491934722209,568.3173385083518,6,-6
335,746.2491934722209,562.3173385083518,6,-6
336,752.2491934722209,556.3173385083518,6,-6
337,758.2491934722209,550.3173385083518,6,-6
338,764.2491934722209,544.3173385083518,6,-6
339,770.2491934722209,538.3173385083518,6,-6
340,776.2491934722209,532.3173385083518,6,-6
341,782.2491934722209,526.3173385083518,6,-6
342,788.2491934722209,520.3173385083518,6,-6
343,794.2491934722209,514.3173385083518,6,-6
344,800.2491934722209,508.3173385083518,6,-6
345,806.2491934722209,502.3173385083518,6,-6
346,812.2491934722209,496.3173385083518,6,-6
347,818.2491934722209,490.3173385083518,6,-6
348,824.2491934722209,484.3173385083518,6,-6
349,830.2491934722209,478.3173385083518,6,-6
350,836.2491934722209,472.3173385083518,6,-6
351,842.2491934722209,466.3173385083518,6,-6
352,848.2491934722209,460.3173385083518,6,-6
353,854.2491934722209,454.3173385083518,6,-6
354,860.2491934722209,448.3173385083518,6,-6
355,866.2491934722209,442.3173385083518,6,-6
356,872.2491934722209,436.3173385083518,6,-6
357,878.2491934722209,430.3173385083518,6,-6
358,884.2491934722209,424.3173385083518,6,-6
359,890.2491934722209,418.3173385083518,6,-6
360,896.2491934722209,412.3173385083518,6,-6
361,902.2491934722209,406.3173385083518,6,-6
362,908.2160164673987,400.3173385083518,5.966822995177818,-6
363,914.0723299114208,394.3173385083518,5.856313444022068,-6
364,919.7380973943345,388.3173385083518,5.665767482913753,-6
365,925.1322717484356,382.3173385083518,5.394174354101144,-6
366,930.1748261792163,376.3173385083518,5.042554430780679,-6
367,934.7889907336244,370.3173385083518,4.614164554408008,-6
368,938.9035123631226,364.3173385083518,4.114521629498203,-6
369,942.4547383500617,358.3173385083518,3.5512259869391394,-6
370,945.3883378307703,352.3173385083518,2.933599480708625,-6
371,947.6605138169411,346.3173385083518,2.27217598617084,-6
372,949.2386001029098,340.3173385083518,1.5780862859686873,-6
373,950.1009685635687,334.3173385083518,0.8623684606589266,-6
374,950.2361896714418,328.3173385083518,0.1352211078731531,-6
375,949.6414041705843,322.3173385083518,-0.5947855008574552,-6
376,948.3198968148461,316.3173385083518,-1.3215073557382415,-6
377,946.2779300559845,310.3173385083518,-2.041966758861566,-6
378,943.5209953418482,304.3173385083518,-2.7569347141362597,-6
379,940.0497483919584,298.3173385083518,-3.4712469498898804,-6
380,935.8559762506574,292.3173385083518,-4.193772141300941,-6
381,930.9189709419559,286.3173385083518,-4.937005308701508,-6
382,925.2026531922205,280.3173385083518,-5.716317749735376,-6
383,919.2026531922205,274.3173385083518,-6,-6
384,913.2026531922205,268.3173385083518,-6,-6
385,907.2026531922205,262.3173385083518,-6,-6
386,901.2026531922205,256.3173385083518,-6,-6
387,895.2026531922205,250.31733850835178,-6,-6
388,889.2026531922205,244.31733850835178,-6,-6
389,883.2026531922205,238.31733850835178,-6,-6
390,877.2026531922205,232.31733850835178,-6,-6
391,871.2026531922205,226.31733850835178,-6,-6
392,865.2026531922205,220.31733850835178,-6,-6
393,859.2026531922205,214.31733850835178,-6,-6
394,853.2026531922205,208.31733850835178,-6,-6
395,847.2026531922205,202.31733850835178,-6,-6
396,841.2026531922205,196.31733850835178,-6,-6
397,835.2026531922205,190.31733850835178,-6,-6
398,829.2026531922205,184.31733850835178,-6,-6
399,823.2026531922205,178.31733850835178,-6,-6
400,817.2026531922205,172.31733850835178,-6,-6
401,811.2026531922205,166.31733850835178,-6,-6
402,805.2026531922205,160.31733850835178,-6,-6
403,799.2026531922205,154.31733850835178,-6,-6
404,793.2026531922205,148.31733850835178,-6,-6
405,787.2026531922205,142.31733850835178,-6,-6
406,781.2026531922205,136.31733850835178,-6,-6
407,775.2026531922205,130.31733850835178,-6,-6
408,769.2026531922205,124.31733850835178,-6,-6
409,763.2026531922205,118.31733850835178,-6,-6
410,757.2026531922205,112.31733850835178,-6,-6
411,751.2026531922205,106.31733850835178,-6,-6
412,745.2026531922205,100.31733850835178,-6,-6
413,739.2026531922205,94.31733850835178,-6,-6
414,733.2026531922205,88.31733850835178,-6,-6
415,727.2026531922205,82.34248940268772,-6,-5.974849105664068
416,721.2026531922205,76.46255944083725,-6,-5.8799299618504595
417,715.2026531922205,70.74945990804214,-6,-5.7130995327951135
418,709.2026531922205,65.27589421009331,-6,-5.473565697948826
419,703.2026531922205,60.113764792199206,-6,-5.162129417894109
420,697.2026531922205,55.33242479945881,-6,-4.781339992740395
421,691.2026531922205,50.996893202610266,-6,-4.335531596848548
422,685.2026531922205,47.16616750504298,-6,-3.830725697567285
423,679.2026531922205,43.891764842733956,-6,-3.274402662309024
424,673.2026531922205,41.216604775392334,-6,-2.675160067341619
425,667.2026531922205,39.174324509763935,-6,-2.0422802656283965
426,661.2026531922205,37.78909883378308,-6,-1.3852256759808537
427,655.2026531922205,37.07602691377549,-6,-0.7130719200075887
428,649.2026531922205,37.042143022120655,-6,-0.03388389165483996
429,643.2026531922205,37.68809828764693,-6,0.6459552655262741
430,637.2026531922205,39.0105336412186,-6,1.322435353571667
431,631.2026531922205,41.00511293885608,-6,1.9945792976374772
432,625.2026531922205,43.67011300067385,-6,2.6650000618177687
433,619.2026531922205,47.01038742302942,-6,3.3402744223555727
434,613.2026531922205,51.041447405310564,-6,4.031059982281142
435,607.2026531922205,55.793334975648754,-6,4.751887570338189
436,601.2026531922205,61.31388046444984,-6,5.52054548880108
437,595.2026531922205,67.31388046444984,-6,6
438,589.2026531922205,73.31388046444984,-6,6
439,583.2026531922205,79.31388046444984,-6,6
440,577.2026531922205,85.31388046444984,-6,6
441,571.2026531922205,91.31388046444984,-6,6
442,565.2026531922205,97.31388046444984,-6,6
443,559.2026531922205,103.31388046444984,-6,6
444,553.2026531922205,109.31388046444984,-6,6
445,547.2026531922205,115.31388046444984,-6,6
446,541.2026531922205,121.31388046444984,-6,6
447,535.2026531922205,127.31388046444984,-6,6
448,529.2026531922205,133.31388046444982,-6,6
449,523.2026531922205,139.31388046444982,-6,6
450,517.2026531922205,145.31388046444982,-6,6
451,511.2026531922205,151.31388046444982,-6,6
452,505.2026531922205,157.31388046444982,-6,6
453,499.2026531922205,163.31388046444982,-6,6
454,493.2026531922205,169.31388046444982,-6,6
455,487.2026531922205,175.31388046444982,-6,6
456,481.2026531922205,181.31388046444982,-6,6
457,475.2026531922205,187.31388046444982,-6,6
458,469.2026531922205,193.31388046444982,-6,6
459,463.2026531922205,199.31388046444982,-6,6
460,457.2026531922205,205.31388046444982,-6,6
461,451.2026531922205,211.31388046444982,-6,6
462,445.2026531922205,217.31388046444982,-6,6
463,439.2026531922205,223.31388046444982,-6,6
464,433.2026531922205,229.31388046444982,-6,6
465,427.2026531922205,235.31388046444982,-6,6
466,421.2026531922205,241.31388046444982,-6,6
467,415.2026531922205,247.31388046444982,-6,6
468,409.2026531922205,253.31388046444982,-6,6
469,403.2026531922205,259.3138804644498,-6,6
470,397.2026531922205,265.3138804644498,-6,6
471,391.2026531922205,271.3138804644498,-6,6
472,385.2294800268067,277.3138804644498,-5.973173165413817,6
473,379.35289269668493,283.3138804644498,-5.876587330121774,6
474,373.64484966931997,289.3138804644498,-5.70804302736496,6
475,368.1781704152534,295.3138804644498,-5.466679254066523,6
476,363.02494797117976,301.3138804644498,-5.15322244407365,6
477,358.2547990529958,307.3138804644498,-4.770148918183969,6
478,353.9330715321968,313.3138804644498,-4.321727520799003,6
479,350.11914585171235,319.3138804644498,-3.813925680484424,6
480,346.8649643732356,325.3138804644498,-3.254181478476767,6
481,344.2139048261377,331.3138804644498,-2.651059547097848,6
482,342.20009004032204,337.3138804644498,-2.013814785815678,6
483,340.8482052672387,343.3138804644498,-1.3518847730833374,6
484,340.1738811033081,349.3138804644498,-0.674324163930634,6
485,340.18469135645665,355.3138804644498,0.010810253148570759,6
486,340.8818018031072,361.3138804644498,0.6971104466505482,6
487,342.2622767800713,367.3138804644498,1.380474976964118,6
488,344.32200050695803,373.3138804644498,2.0597237268866935,6
489,347.05910463268026,379.3138804644498,2.737104125722224,6
490,350.4777290260897,385.3138804644498,3.4186243934094396,6
491,354.59189660895913,391.3138804644498,4.114167582869423,6
492,359.42925836076927,397.3138804644498,4.837361751810152,6
493,365.03443954835245,403.3138804644498,5.605181187583164,6
494,371.03443954835245,409.3138804644498,6,6
495,377.03443954835245,415.3138804644498,6,6
496,383.03443954835245,421.3138804644498,6,6
497,389.03443954835245,427.3138804644498,6,6
498,395.03443954835245,433.3138804644498,6,6
499,401.03443954835245,439.3138804644498,6,6
500,407.03443954835245,445.3138804644498,6,6
501,413.03443954835245,451.3138804644498,6,6
502,419.03443954835245,457.3138804644498,6,6
503,425.03443954835245,463.3138804644498,6,6
504,431.03443954835245,469.3138804644498,6,6
505,437.03443954835245,475.3138804644498,6,6
506,443.03443954835245,481.3138804644498,6,6
507,449.03443954835245,487.3138804644498,6,6
508,455.03443954835245,493.3138804644498,6,6
509,461.03443954835245,499.3138804644498,6,6
510,467.03443954835245,505.3138804644498,6,6
511,473.03443954835245,511.3138804644498,6,6
512,479.03443954835245,517.3138804644498,6,6
513,485.03443954835245,523.3138804644498,6,6
514,491.03443954835245,529.3138804644498,6,6
515,497.03443954835245,535.3138804644498,6,6
516,503.03443954835245,541.3138804644498,6,6
517,509.03443954835245,547.3138804644498,6,6
518,515.0344395483525,553.3138804644498,6,6
519,521.0344395483525,559.3138804644498,6,6
520,527.0344395483525,565.3138804644498,6,6
521,533.0344395483525,571.3138804644498,6,6
522,539.0344395483525,577.3138804644498,6,6
523,545.0344395483525,583.3138804644498,6,6
524,551.0344395483525,589.3138804644498,6,6
525,557.0344395483525,595.3138804644498,6,6
526,563.0344395483525,601.3138804644498,6,6
527,569.0344395483525,607.3138804644498,6,6
528,575.0344395483525,613.3138804644498,6,6
529,581.0344395483525,619.2748643458578,6,5.960983881408124
530,587.0344395483525,625.1248265501627,6,5.849962204304775
531,593.0344395483525,630.7897518568644,6,5.664925306701732
532,599.0344395483525,636.1951125265863,6,5.405360669721914
533,605.0344395483525,641.2676140693178,6,5.072501542731481
534,611.0344395483525,645.9370847900228,6,4.66947072070504
535,617.0344395483525,650.1383722542008,6,4.201287464177967
536,623.0344395483525,653.8130983022525,6,3.6747260480516855
537,629.0344395483525,656.9111340805347,6,3.0980357782821804
538,635.0344395483525,659.3916807052325,6,2.4805466246978405
539,641.0344395483525,661.2238682580098,6,1.8321875527773763
540,647.0344395483525,662.3868062194462,6,1.1629379614363673
541,653.0344395483525,662.8690296397833,6,0.4822234203371205
542,659.0344395483525,662.6672936974269,6,-0.201735942356433
543,665.0344395483525,661.7846873776261,6,-0.8826063198007276
544,671.0344395483525,660.2280768212868,6,-1.5566105563393895
545,677.0344395483525,658.0049533791296,6,-2.223123442157168
546,683.0344395483525,655.1198389936216,6,-2.8851143855080728
547,689.0344395483525,651.5704694099885,6,-3.5493695836330836
548,695.0344395483525,647.3440128653932,6,-4.226456544595269
549,701.0344395483525,642.4135843783594,6,-4.9304284870338755
550,707.0344395483525,636.7353022971513,6,-5.678282081208056
551,713.0344395483525,630.7353022971513,6,-6
552,719.0344395483525,624.7353022971513,6,-6
553,725.0344395483525,618.7353022971513,6,-6
554,731.0344395483525,612.7353022971513,6,-6
555,737.0344395483525,606.7353022971513,6,-6
556,743.0344395483525,600.7353022971513,6,-6
557,749.0344395483525,594.7353022971513,6,-6
558,755.0344395483525,588.7353022971513,6,-6
559,761.0344395483525,582.7353022971513,6,-6
560,767.0344395483525,576.7353022971513,6,-6
561,773.0344395483525,570.7353022971513,6,-6
562,779.0344395483525,564.7353022971513,6,-6
563,785.0344395483525,558.7353022971513,6,-6
564,791.0344395483525,552.7353022971513,6,-6
565,797.0344395483525,546.7353022971513,6,-6
566,803.0344395483525,540.7353022971513,6,-6
567,809.0344395483525,534.7353022971513,6,-6
568,815.0344395483525,528.7353022971513,6,-6
569,821.0344395483525,522.7353022971513,6,-6
570,827.0344395483525,516.7353022971513,6,-6
571,833.0344395483525,510.7353022971513,6,-6
572,839.0344395483525,504.7353022971513,6,-6
573,845.0344395483525,498.7353022971513,6,-6
574,851.0344395483525,492.7353022971513,6,-6
575,857.0344395483525,486.7353022971513,6,-6
576,863.0344395483525,480.7353022971513,6,-6
577,869.0344395483525,474.7353022971513,6,-6
578,875.0344395483525,468.7353022971513,6,-6
579,881.0344395483525,462.7353022971513,6,-6
580,887.0344395483525,456.7353022971513,6,-6
581,893.0344395483525,450.7353022971513,6,-6
582,899.0344395483525,444.7353022971513,6,-6
583,905.0344395483525,438.7353022971513,6,-6
584,911.0344395483525,432.7353022971513,6,-6
585,917.0079877881212,426.7353022971513,5.97354823976876,-6
586,922.8862643293027,420.7353022971513,5.878276541181477,-6
587,928.598333595225,414.7353022971513,5.712069265922257,-6
588,934.0724595004812,408.7353022971513,5.474125905256155,-6
589,939.2376572529657,402.7353022971513,5.165197752484555,-6
590,944.0253996118281,396.7353022971513,4.787742358862383,-6
591,948.3713647725283,390.7353022971513,4.345965160700244,-6
592,952.2170978297436,384.7353022971513,3.845733057215284,-6
593,955.5114604181141,378.7353022971513,3.2943625883705727,-6
594,958.2117598396745,372.7353022971513,2.7002994215604095,-6
595,960.2844714170614,366.7353022971513,2.0727115773867757,-6
596,961.7054873460257,360.7353022971513,1.4210159289643425,-6
597,962.4598375837259,354.7353022971513,0.7543502377000864,-6
598,962.5408356981461,348.7353022971513,0.0809981144202444,-6
599,961.9486135713307,342.7353022971513,-0.5922221268154416,-6
600,960.688033825406,336.7353022971513,-1.2605797459246477,-6
601,958.7660138997179,330.7353022971513,-1.922019925688079,-6
602,956.1883567901716,324.7353022971513,-2.5776571095462746,-6
603,952.9562454303608,318.7353022971513,-3.2321113598107543,-6
604,949.0626012243873,312.7353022971513,-3.8936442059735077,-6
605,944.4885213091125,306.7353022971513,-4.5740799152749005,-6
606,939.2000013446001,300.7353022971513,-5.288519964512418,-6
607,933.2000013446001,294.7353022971513,-6,-6
608,927.2000013446001,288.7353022971513,-6,-6
609,921.2000013446001,282.7353022971513,-6,-6
610,915.2000013446001,276.7353022971513,-6,-6
611,909.2000013446001,270.7353022971513,-6,-6
612,903.2000013446001,264.7353022971513,-6,-6
613,897.2000013446001,258.7353022971513,-6,-6
614,891.2000013446001,252.7353022971513,-6,-6
615,885.2000013446001,246.7353022971513,-6,-6
616,879.2000013446001,240.7353022971513,-6,-6
617,873.2000013446001,234.7353022971513,-6,-6
618,867.2000013446001,228.7353022971513,-6,-6
619,861.2000013446001,222.7353022971513,-6,-6
620,855.2000013446001,216.7353022971513,-6,-6
621,849.2000013446001,210.7353022971513,-6,-6
622,843.2000013446001,204.7353022971513,-6,-6
623,837.2000013446001,198.7353022971513,-6,-6
624,831.2000013446001,192.7353022971513,-6,-6
625,825.2000013446001,186.7353022971513,-6,-6
626,819.2000013446001,180.7353022971513,-6,-6
627,813.2000013446001,174.7353022971513,-6,-6
628,807.2000013446001,168.7353022971513,-6,-6
629,801.2000013446001,162.7353022971513,-6,-6
630,795.2000013446001,156.7353022971513,-6,-6
631,789.2000013446001,150.7353022971513,-6,-6
632,783.2000013446001,144.7353022971513,-6,-6
633,777.2000013446001,138.7353022971513,-6,-6
634,771.2000013446001,132.7353022971513,-6,-6
635,765.2000013446001,126.73530229715129,-6,-6
636,759.2000013446001,120.73530229715129,-6,-6
637,753.2000013446001,114.73530229715129,-6,-6
638,747.2000013446001,108.73530229715129,-6,-6
639,741.2000013446001,102.73530229715129,-6,-6
640,735.2000013446001,96.73530229715129,-6,-6
641,729.2000013446001,90.73530229715129,-6,-6
642,723.2000013446001,84.74306371216423,-6,-5.992238584987057
643,717.2000013446001,78.83024599098282,-6,-5.912817721181417
644,711.2000013446001,73.07111854780001,-6,-5.759127443182812
645,705.2000013446001,67.54113381072867,-6,-5.529984737071342
646,699.2000013446001,62.31521373785345,-6,-5.225920072875217
647,693.2000013446001,57.465840890704264,-6,-4.849372847149186
648,687.2000013446001,53.06108410025785,-6,-4.404756790446412
649,681.2000013446001,49.16270851410127,-6,-3.898375586156579
650,675.2000013446001,45.824516412505524,-6,-3.338192101595747
651,669.2000013446001,43.091043370358705,-6,-2.7334730421468194
652,663.2000013446001,40.996705420283924,-6,-2.0943379500747827
653,657.2000013446001,39.56546881616771,-6,-1.4312366041162183
654,651.2000013446001,38.81110106857818,-6,-0.7543677475895292
655,645.2000013446001,38.738057015674684,-6,-0.0730440529034948
656,639.2000013446001,39.34304511990737,-6,0.6049881042326923
657,633.2000013446001,40.61729211766755,-6,1.2742469977601807
658,627.2000013446001,42.5494694435819,-6,1.9321773259143455
659,621.2000013446001,45.12916747601513,-6,2.5796980324332246
660,615.2000013446001,48.350724497320336,-6,3.221557021305208
661,609.2000013446001,52.21716350492756,-6,3.8664390076072266
662,603.2000013446001,56.743977429424916,-6,4.526813924497357
663,597.2000013446001,61.96252279986531,-6,5.218545370440392
664,591.2000013446001,67.92280136601649,-6,5.960278566151171
665,585.2000013446001,73.92280136601649,-6,6
666,579.2000013446001,79.92280136601649,-6,6
667,573.2000013446001,85.92280136601649,-6,6
668,567.2000013446001,91.92280136601649,-6,6
669,561.2000013446001,97.92280136601649,-6,6
670,555.2000013446001,103.92280136601649,-6,6
671,549.2000013446001,109.92280136601649,-6,6
672,543.2000013446001,115.92280136601649,-6,6
673,537.2000013446001,121.92280136601649,-6,6
674,531.2000013446001,127.92280136601649,-6,6
675,525.2000013446001,133.92280136601647,-6,6
676,519.2000013446001,139.92280136601647,-6,6
677,513.2000013446001,145.92280136601647,-6,6
678,507.2000013446001,151.92280136601647,-6,6
679,501.2000013446001,157.92280136601647,-6,6
680,495.2000013446001,163.92280136601647,-6,6
681,489.2000013446001,169.92280136601647,-6,6
682,483.2000013446001,175.92280136601647,-6,6
683,477.2000013446001,181.92280136601647,-6,6
684,471.2000013446001,187.92280136601647,-6,6
685,465.2000013446001,193.92280136601647,-6,6
686,459.2000013446001,199.92280136601647,-6,6
687,453.2000013446001,205.92280136601647,-6,6
688,447.2000013446001,211.92280136601647,-6,6
689,441.2000013446001,217.92280136601647,-6,6
690,435.2000013446001,223.92280136601647,-6,6
691,429.2000013446001,229.92280136601647,-6,6
692,423.2000013446001,235.92280136601647,-6,6
693,417.2000013446001,241.92280136601647,-6,6
694,411.2000013446001,247.92280136601647,-6,6
695,405.2000013446001,253.92280136601647,-6,6
696,399.2000013446001,259.9228013660165,-6,6
697,393.2000013446001,265.9228013660165,-6,6
698,387.2000013446001,271.9228013660165,-6,6
699,381.2383758300138,277.9228013660165,-5.9616255145862995,6
700,375.38550717827815,283.9228013660165,-5.8528686517356725,6
701,369.7137325950067,289.9228013660165,-5.6717745832714295,6
702,364.2959351966085,295.9228013660165,-5.417797398398192,6
703,359.203899243403,301.9228013660165,-5.092035953205521,6
704,354.5065245819677,307.9228013660165,-4.697374661435301,6
705,350.26802576744285,313.9228013660165,-4.238498814524882,6
706,346.54625386501385,319.9228013660165,-3.7217719024289764,6
707,343.39127224517534,325.9228013660165,-3.1549816198384897,6
708,340.84429737544355,331.9228013660165,-2.5469748697317867,6
709,338.9370914103571,337.9228013660165,-1.9072059650864475,6
710,337.6918740484919,343.9228013660165,-1.245217361865153,6
711,337.1218096698471,349.9228013660165,-0.570064378644829,6
712,337.2321174677884,355.9228013660165,0.11030779794128209,6
713,338.0218365901677,361.9228013660165,0.7897191223793318,6
714,339.48624432559876,367.9228013660165,1.4644077354310612,6
715,341.61986919346975,373.9228013660165,2.133624867870982,6
716,344.4199705744483,379.9228013660165,2.8001013809785413,6
717,347.8902905359493,385.9228013660165,3.470319961500983,6
718,352.044839451536,391.9228013660165,4.154548915586679,6
719,356.91145788211116,397.9228013660165,4.866618430575133,6
720,362.53488439326145,403.9228013660165,5.623426511150282,6
721,368.53488439326145,409.9228013660165,6,6
722,374.53488439326145,415.9228013660165,6,6
723,380.53488439326145,421.9228013660165,6,6
724,386.53488439326145,427.9228013660165,6,6
725,392.53488439326145,433.9228013660165,6,6
726,398.53488439326145,439.9228013660165,6,6
727,404.53488439326145,445.9228013660165,6,6
728,410.53488439326145,451.9228013660165,6,6
729,416.53488439326145,457.9228013660165,6,6
730,422.53488439326145,463.9228013660165,6,6
731,428.53488439326145,469.9228013660165,6,6
732,434.53488439326145,475.9228013660165,6,6
733,440.53488439326145,481.9228013660165,6,6
734,446.53488439326145,487.9228013660165,6,6
735,452.53488439326145,493.9228013660165,6,6
736,458.53488439326145,499.9228013660165,6,6
737,464.53488439326145,505.9228013660165,6,6
738,470.53488439326145,511.9228013660165,6,6
739,476.53488439326145,517.9228013660165,6,6
740,482.53488439326145,523.9228013660165,6,6
741,488.53488439326145,529.9228013660165,6,6
742,494.53488439326145,535.9228013660165,6,6
743,500.53488439326145,541.9228013660165,6,6
744,506.53488439326145,547.9228013660165,6,6
745,512.5348843932614,553.9228013660165,6,6
746,518.5348843932614,559.9228013660165,6,6
747,524.5348843932614,565.9228013660165,6,6
748,530.5348843932614,571.9228013660165,6,6
749,536.5348843932614,577.9228013660165,6,6
750,542.5348843932614,583.9228013660165,6,6
751,548.5348843932614,589.9228013660165,6,6
752,554.5348843932614,595.9228013660165,6,6
753,560.5348843932614,601.9228013660165,6,6
754,566.5348843932614,607.9228013660165,6,6
755,572.5348843932614,613.9092608531595,6,5.98645948714297
756,578.5348843932614,619.8133927408163,6,5.90413188765688
757,584.5348843932614,625.5640377695122,6,5.750645028695912
758,590.5348843932614,631.0889535701824,6,5.524915800670241
759,596.5348843932614,636.3163568919474,6,5.227403321765017
760,602.5348843932614,641.1766416225648,6,4.860284730617401
761,608.5348843932614,645.6041617272549,6,4.4275201046901
762,614.5348843932614,649.5389496726143,6,3.9347879453593517
763,620.5348843932614,652.9282409179494,6,3.3892912453351793
764,626.5348843932614,655.7276907176941,6,2.799449799744748
765,632.5348843932614,657.9021925612757,6,2.1745018435815178
766,638.5348843932614,659.4262287205081,6,1.5240361592323963
767,644.5348843932614,660.283696960821,6,0.8574682403129253
768,650.5348843932614,660.4671647546506,6,0.1834677938296071
769,656.5348843932614,659.9765113109937,6,-0.49065344365697305
770,662.5348843932614,658.8169394571725,6,-1.15957185382124
771,668.5348843932614,656.9963816059164,6,-1.8205578512560292
772,674.5348843932614,654.5223846119703,6,-2.4739969939460833
773,680.5348843932614,651.3986230593862,6,-3.123761552584102
774,686.5348843932614,647.6212388450514,6,-3.7773842143347904
775,692.5348843932614,643.1752225211948,6,-4.446016323856613
776,698.5348843932614,638.0310427995547,6,-5.1441797216400245
777,704.5348843932614,632.1417205847608,6,-5.889322214793877
778,710.5348843932614,626.1417205847608,6,-6
779,716.5348843932614,620.1417205847608,6,-6
780,722.5348843932614,614.1417205847608,6,-6
781,728.5348843932614,608.1417205847608,6,-6
782,734.5348843932614,602.1417205847608,6,-6
783,740.5348843932614,596.1417205847608,6,-6
784,746.5348843932614,590.1417205847608,6,-6
785,752.5348843932614,584.1417205847608,6,-6
786,758.5348843932614,578.1417205847608,6,-6
787,764.5348843932614,572.1417205847608,6,-6
788,770.5348843932614,566.1417205847608,6,-6
789,776.5348843932614,560.1417205847608,6,-6
790,782.5348843932614,554.1417205847608,6,-6
791,788.5348843932614,548.1417205847608,6,-6
792,794.5348843932614,542.1417205847608,6,-6
793,800.5348843932614,536.1417205847608,6,-6
794,806.5348843932614,530.1417205847608,6,-6
795,812.5348843932614,524.1417205847608,6,-6
796,818.5348843932614,518.1417205847608,6,-6
797,824.5348843932614,512.1417205847608,6,-6
798,830.5348843932614,506.14172058476083,6,-6
799,836.5348843932614,500.14172058476083,6,-6
800,842.5348843932614,494.14172058476083,6,-6
801,848.5348843932614,488.14172058476083,6,-6
802,854.5348843932614,482.14172058476083,6,-6
803,860.5348843932614,476.14172058476083,6,-6
804,866.5348843932614,470.14172058476083,6,-6
805,872.5348843932614,464.14172058476083,6,-6
806,878.5348843932614,458.14172058476083,6,-6
807,884.5348843932614,452.14172058476083,6,-6
808,890.5348843932614,446.14172058476083,6,-6
809,896.5348843932614,440.14172058476083,6,-6
810,902.5348843932614,434.14172058476083,6,-6
811,908.5348843932614,428.14172058476083,6,-6
812,914.4973028242749,422.14172058476083,5.962418431013502,-6
813,920.3507355200222,416.14172058476083,5.853432695747312,-6
814,926.0217506796834,410.14172058476083,5.671015159661161,-6
815,931.4363583844457,404.14172058476083,5.414607704762372,-6
816,936.5217248537016,398.14172058476083,5.085366469255814,-6
817,941.2080319024801,392.14172058476083,4.6863070487785405,-6
818,945.4303511012445,386.14172058476083,4.2223191987643,-6
819,949.1303905590008,380.14172058476083,3.700039457756406,-6
820,952.2579811463913,374.14172058476083,3.127590587390523,-6
821,954.7721919162376,368.14172058476083,2.5142107698462315,-6
822,956.6419906504503,362.14172058476083,1.8697987342126994,-6
823,957.8463852998549,356.14172058476083,1.2043946494045938,-6
824,958.3739923882658,350.14172058476083,0.5276070884109126,-6
825,958.2219844695212,344.14172058476083,-0.15200791874466213,-6
826,957.3943821013091,338.14172058476083,-0.8276023682120467,-6
827,955.8996886420507,332.14172058476083,-1.4946934592583736,-6
828,953.7479230018646,326.14172058476083,-2.1517656401861336,-6
829,950.9471770983495,320.14172058476083,-2.800745903515091,-6
830,947.4998896119705,314.14172058476083,-3.4472874863790226,-6
831,943.3990629155322,308.14172058476083,-4.100826696438313,-6
832,938.6246475308945,302.14172058476083,-4.774415384637653,-6
833,933.1402942389146,296.14172058476083,-5.484353291979888,-6
834,927.1402942389146,290.14172058476083,-6,-6
835,921.1402942389146,284.14172058476083,-6,-6
836,915.1402942389146,278.14172058476083,-6,-6
837,909.1402942389146,272.14172058476083,-6,-6
838,903.1402942389146,266.14172058476083,-6,-6
839,897.1402942389146,260.14172058476083,-6,-6
840,891.1402942389146,254.14172058476083,-6,-6
841,885.1402942389146,248.14172058476083,-6,-6
842,879.1402942389146,242.14172058476083,-6,-6
843,873.1402942389146,236.14172058476083,-6,-6
844,867.1402942389146,230.14172058476083,-6,-6
845,861.1402942389146,224.14172058476083,-6,-6
846,855.1402942389146,218.14172058476083,-6,-6
847,849.1402942389146,212.14172058476083,-6,-6
848,843.1402942389146,206.14172058476083,-6,-6
849,837.1402942389146,200.14172058476083,-6,-6
850,831.1402942389146,194.14172058476083,-6,-6
851,825.1402942389146,188.14172058476083,-6,-6
852,819.1402942389146,182.14172058476083,-6,-6
853,813.1402942389146,176.14172058476083,-6,-6
854,807.1402942389146,170.14172058476083,-6,-6
855,801.1402942389146,164.14172058476083,-6,-6
856,795.1402942389146,158.14172058476083,-6,-6
857,789.1402942389146,152.14172058476083,-6,-6
858,783.1402942389146,146.14172058476083,-6,-6
859,777.1402942389146,140.14172058476083,-6,-6
860,771.1402942389146,134.14172058476083,-6,-6
861,765.1402942389146,128.14172058476083,-6,-6
862,759.1402942389146,122.14172058476083,-6,-6
863,753.1402942389146,116.14172058476083,-6,-6
864,747.1402942389146,110.14172058476083,-6,-6
865,741.1402942389146,104.14172058476083,-6,-6
866,735.1402942389146,98.14172058476083,-6,-6
867,729.1402942389146,92.14172058476083,-6,-6
868,723.1402942389146,86.15568614814262,-6,-5.986034436618207
869,717.1402942389146,80.25413752255042,-6,-5.901548625592193
870,711.1402942389146,74.5100590951831,-6,-5.744078427367322
871,705.1402942389146,68.99752920127848,-6,-5.512529893904619
872,699.1402942389146,63.790078552127554,-6,-5.207450649150926
873,693.1402942389146,58.95886400815837,-6,-4.831214543969185
874,687.1402942389146,54.57078114111712,-6,-4.388082867041246
875,681.1402942389146,50.68665823267236,-6,-3.884122908444768
876,675.1402942389146,47.3596723096887,-6,-3.32698592298366
877,669.1402942389146,44.63410856881151,-6,-2.725563740877184
878,663.1402942389146,42.544558070336066,-6,-2.0895504984754467
879,657.1402942389146,41.11562557650946,-6,-1.42893249382661
880,651.1402942389146,40.362205543005146,-6,-0.7534200335043142
881,645.1402942389146,40.29037687406286,-6,-0.07182866894228923
882,639.1402942389146,40.89895585190733,-6,0.608578977844472
883,633.1402942389146,42.18171874118271,-6,1.2827628892753802
884,627.1402942389146,44.13025325970784,-6,1.9485345185251255
885,621.1402942389146,46.73732617555688,-6,2.6070729158490353
886,615.1402942389146,50.000581153872865,-6,3.263254978315987
887,609.1402942389146,53.92633000281732,-6,3.92574884894446
888,603.1402942389146,58.53318471853686,-6,4.606854715719538
889,597.1402942389146,63.85528866830898,-6,5.3221039497721225
890,591.1402942389146,69.85528866830899,-6,6
891,585.1402942389146,75.85528866830899,-6,6
892,579.1402942389146,81.85528866830899,-6,6
893,573.1402942389146,87.85528866830899,-6,6
894,567.1402942389146,93.85528866830899,-6,6
895,561.1402942389146,99.85528866830899,-6,6
896,555.1402942389146,105.85528866830899,-6,6
897,549.1402942389146,111.85528866830899,-6,6
898,543.1402942389146,117.85528866830899,-6,6
899,537.1402942389146,123.85528866830899,-6,6
900,531.1402942389146,129.855288668309,-6,6
901,525.1402942389146,135.855288668309,-6,6
902,519.1402942389146,141.855288668309,-6,6
903,513.1402942389146,147.855288668309,-6,6
904,507.14029423891463,153.855288668309,-6,6
905,501.14029423891463,159.855288668309,-6,6
906,495.14029423891463,165.855288668309,-6,6
907,489.14029423891463,171.855288668309,-6,6
908,483.14029423891463,177.855288668309,-6,6
